{
    "app_id": 2040,
    "app_hash": "b18441a1ff607e10a989891a5462e627",
    "app_version": "5.16.4 x64",
    "lang_pack": "tdesktop",
    "device": "Samsung Galaxy Book Pro",
    "system_lang_pack": "en-US",
    "sdk": "Windows 11",
    "lang_code": "en",
    "system_lang_code": "en-US",
    "phone": "+12482482048",
    "session": "+12482482048",
    "twoFA": "Fvnh215fgrd",
    "register_time": 1752637739.834399,
    "first_name": "Anna BergstrГ¶m",
    "last_name": null,
    "username": null,
    "user_id": 8193489813,
    "is_premium": null
}