{
    "app_id": 2040,
    "app_hash": "b18441a1ff607e10a989891a5462e627",
    "app_version": "5.16.4 x64",
    "lang_pack": "tdesktop",
    "device": "Microsoft Surface Go 2",
    "system_lang_pack": "en-US",
    "sdk": "Windows 10",
    "lang_code": "en",
    "system_lang_code": "en-US",
    "phone": "+12703369206",
    "session": "+12703369206",
    "twoFA": "Fvnh215fgrd",
    "register_time": 1752639915.488286,
    "first_name": "Jwjwhw Qbhw",
    "last_name": null,
    "username": null,
    "user_id": 7667930876,
    "is_premium": null
}